{
  "type": "minecraft:flat_cache",
  "argument": {
    "type": "minecraft:cache_2d",
    "argument": {
      "type": "minecraft:spline",
      "spline": {
        "coordinate": "vast_vistas_otherview:overworld_large_biomes/continents",
        "points": [
          {
            "location": -0.11,
            "derivative": 0,
            "value": 0
          },
          {
            "location": 0.03,
            "derivative": 0,
            "value": {
              "coordinate": "vast_vistas_otherview:overworld_large_biomes/terrain/erosion",
              "points": [
                {
                  "location": -1,
                  "derivative": 0,
                  "value": {
                    "coordinate": "vast_vistas_otherview:overworld/terrain/ridges_folded",
                    "points": [
                      {
                        "location": 0.44999996,
                        "derivative": 0,
                        "value": 0
                      },
                      {
                        "location": 1,
                        "derivative": 0,
                        "value": {
                          "coordinate": "vast_vistas_otherview:overworld/terrain/ridges",
                          "points": [
                            {
                              "location": -0.01,
                              "derivative": 0,
                              "value": 0.63
                            },
                            {
                              "location": 0.01,
                              "derivative": 0,
                              "value": 0.3
                            }
                          ]
                        }
                      }
                    ]
                  }
                },
                {
                  "location": -0.78,
                  "derivative": 0,
                  "value": {
                    "coordinate": "vast_vistas_otherview:overworld/terrain/ridges_folded",
                    "points": [
                      {
                        "location": 0.44999996,
                        "derivative": 0,
                        "value": 0
                      },
                      {
                        "location": 1,
                        "derivative": 0,
                        "value": {
                          "coordinate": "vast_vistas_otherview:overworld/terrain/ridges",
                          "points": [
                            {
                              "location": -0.01,
                              "derivative": 0,
                              "value": 0.315
                            },
                            {
                              "location": 0.01,
                              "derivative": 0,
                              "value": 0.15
                            }
                          ]
                        }
                      }
                    ]
                  }
                },
                {
                  "location": -0.5775,
                  "derivative": 0,
                  "value": {
                    "coordinate": "vast_vistas_otherview:overworld/terrain/ridges_folded",
                    "points": [
                      {
                        "location": 0.44999996,
                        "derivative": 0,
                        "value": 0
                      },
                      {
                        "location": 1,
                        "derivative": 0,
                        "value": {
                          "coordinate": "vast_vistas_otherview:overworld/terrain/ridges",
                          "points": [
                            {
                              "location": -0.01,
                              "derivative": 0,
                              "value": 0.315
                            },
                            {
                              "location": 0.01,
                              "derivative": 0,
                              "value": 0.15
                            }
                          ]
                        }
                      }
                    ]
                  }
                },
                {
                  "location": -0.375,
                  "derivative": 0,
                  "value": 0
                }
              ]
            }
          },
          {
            "location": 0.65,
            "derivative": 0,
            "value": {
              "coordinate": "vast_vistas_otherview:overworld_large_biomes/terrain/erosion",
              "points": [
                {
                  "location": -1,
                  "derivative": 0,
                  "value": {
                    "coordinate": "vast_vistas_otherview:overworld/terrain/ridges_folded",
                    "points": [
                      {
                        "location": 0.19999999,
                        "derivative": 0,
                        "value": 0
                      },
                      {
                        "location": 0.44999996,
                        "derivative": 0,
                        "value": {
                          "coordinate": "vast_vistas_otherview:overworld/terrain/ridges",
                          "points": [
                            {
                              "location": -0.01,
                              "derivative": 0,
                              "value": 0.63
                            },
                            {
                              "location": 0.01,
                              "derivative": 0,
                              "value": 0.3
                            }
                          ]
                        }
                      }
                    ]
                  }
                },
                {
                  "location": -0.78,
                  "derivative": 0,
                  "value": {
                    "coordinate": "vast_vistas_otherview:overworld/terrain/ridges_folded",
                    "points": [
                      {
                        "location": 0.44999996,
                        "derivative": 0,
                        "value": 0
                      },
                      {
                        "location": 1,
                        "derivative": 0,
                        "value": {
                          "coordinate": "vast_vistas_otherview:overworld/terrain/ridges",
                          "points": [
                            {
                              "location": -0.01,
                              "derivative": 0,
                              "value": 0.63
                            },
                            {
                              "location": 0.01,
                              "derivative": 0,
                              "value": 0.3
                            }
                          ]
                        }
                      }
                    ]
                  }
                },
                {
                  "location": -0.5775,
                  "derivative": 0,
                  "value": {
                    "coordinate": "vast_vistas_otherview:overworld/terrain/ridges_folded",
                    "points": [
                      {
                        "location": 0.44999996,
                        "derivative": 0,
                        "value": 0
                      },
                      {
                        "location": 1,
                        "derivative": 0,
                        "value": {
                          "coordinate": "vast_vistas_otherview:overworld/terrain/ridges",
                          "points": [
                            {
                              "location": -0.01,
                              "derivative": 0,
                              "value": 0.63
                            },
                            {
                              "location": 0.01,
                              "derivative": 0,
                              "value": 0.3
                            }
                          ]
                        }
                      }
                    ]
                  }
                },
                {
                  "location": -0.375,
                  "derivative": 0,
                  "value": 0
                }
              ]
            }
          }
        ]
      }
    }
  }
}
