{
  "type": "minecraft:spline",
  "spline": {
    "coordinate": "vast_vistas_otherview:overworld/ridges",
    "points": [
      {
        "location": -1,
        "derivative": 0,
        "value": {
          "coordinate": "vast_vistas_otherview:overworld/erosion/noise",
          "points": [
            {
              "location": 0,
              "derivative": 1,
              "value": 0
            }
          ]
        }
      },
      {
        "location": -0.05,
        "derivative": 0,
        "value": {
          "coordinate": "vast_vistas_otherview:overworld/erosion/noise",
          "points": [
            {
              "location": -1,
              "derivative": 0,
              "value": -0.375
            },
            {
              "location": 0,
              "derivative": 1,
              "value": 0
            }
          ]
        }
      },
      {
        "location": 0.05,
        "derivative": 0,
        "value": {
          "coordinate": "vast_vistas_otherview:overworld/erosion/noise",
          "points": [
            {
              "location": -1,
              "derivative": 0,
              "value": -0.375
            },
            {
              "location": 0,
              "derivative": 1,
              "value": 0
            }
          ]
        }
      },
      {
        "location": 1,
        "derivative": 0,
        "value": {
          "coordinate": "vast_vistas_otherview:overworld/erosion/noise",
          "points": [
            {
              "location": 0,
              "derivative": 1,
              "value": 0
            }
          ]
        }
      }
    ]
  }
}
