{
  "type": "minecraft:flat_cache",
  "argument": {
    "type": "minecraft:cache_2d",
    "argument": {
      "type": "minecraft:mul",
      "argument1": -3,
      "argument2": {
        "type": "minecraft:add",
        "argument1": -0.3333333333333333,
        "argument2": {
          "type": "minecraft:abs",
          "argument": {
            "type": "minecraft:add",
            "argument1": -0.6666666666666666,
            "argument2": {
              "type": "minecraft:abs",
              "argument": "vast_vistas_otherview:overworld/terrain/ridges"
            }
          }
        }
      }
    }
  }
}
