{
  "type": "minecraft:flat_cache",
  "argument": {
    "type": "minecraft:cache_2d",
    "argument": {
      "type": "minecraft:spline",
      "spline": {
        "coordinate": "vast_vistas_otherview:overworld/ridges/noise_normal_smooth",
        "": "unfortunately, this is not the intended spline, but it is what we ended up with during testing...",
        "points": [
          {
            "location": -0.1,
            "value": -0.05,
            "derivative": 0.947368
          },
          {
            "location": 0.07,
            "value": 0.05,
            "derivative": 0.947368
          }
        ]
      }
    }
  }
}
